cohort	case	source_sha256	frozen_air_sha256	final_air_sha256	classification	final_validation	issue_count
logical-final	cics-file--computed-unknown	730f690584fcbe6c0e0c7f62cf190bbcd0b62d678558603b150833c782476753	66c0152a88be3e85da4f2bee2f01b1eac5e1540d6293b4c157e3054db056ba04	cd2006ec822738da50eba68cf8cd0777b43a98f39bc16a0624adb650206d0a55	EXECUTABLE_EQUIVALENT	STRUCTURALLY_VALID	3
logical-final	cics-file--delete	08cf3a401ee534be6eaa7d5e769d9ddba7cc0ef0fc0377f672cb5216b2ed1946	7872b777bdeccc6f2e5507e0d7131a9de4bd133854f59506568a07526a7c0116	ae557d317de0321a6d1f708fbaf763bbf157eb5cde3c456576060cf81d9735f1	EXECUTABLE_EQUIVALENT	STRUCTURALLY_VALID	4
logical-final	cics-file--length-open	0a4febdfc7a1cefceebcd1c75a5011e2e6cd40d6bf267c8cb847b521c36c3231	6e09e8228405e150c4c9b88fb5c26b58b85c8b2cd3df7d9adba50319afd04316	a5c0642baf532e6b6c65c24274602e14433e92b7db45768902e5de23796399f2	EXECUTABLE_EQUIVALENT	STRUCTURALLY_VALID	6
logical-final	cics-file--read	70169de95a08b5af646ab797057f53bb76709645fd52b4d23169ab8d1b06ed56	67bfdedd8fb6f30746413aab77be043f7a68780c160061ef562745098472aa14	af48ca323f8c7ef909b5e3f6eafa13a61093f18b44729700edc39505528282c4	EXECUTABLE_EQUIVALENT	STRUCTURALLY_VALID	4
logical-final	cics-file--write	6c2f9a0e0b74ce12b4e4664ed6ec1ca89ee679427a8d9bb16e843900f75f7a8b	1d9e57fdd7ecd4c6b353f51754f2b2972d897da73d6a8dabad486770869abe52	74dba7b38365c4def01dfcb392a87bdae02edd923b416ac8bcf99f187ecfd385	EXECUTABLE_EQUIVALENT	STRUCTURALLY_VALID	4
logical-final	link-computed	deea7986d6ac4ab9a4e31d8f273550be4042c0ccf0f91c8742cbb267454881bf	76b64aff8c215cc0e797e166327f458a6566b8d96c8320f384c4b9e1b084f9b4	e075450ac0fb4bf2754fbd4cb71a35d114448bf81470d6de67dd567422b1f8b0	EXECUTABLE_EQUIVALENT	STRUCTURALLY_VALID	3
logical-final	link-literal	22798811d68dfe60c518c0a6e1d780bdbca224bb367313fd0fb32eeb7777ee42	98625cddc691a2d69fdcfbb92b36d1a94fc611fc1787b479549d902010af884c	268d3c8dabae089b4c59a476f566a6878935ee39d893beeb7303ff3c413e76e0	EXECUTABLE_EQUIVALENT	STRUCTURALLY_VALID	3
logical-final	link-multiple	a1b427059238aa540e95843f2f5710c1b4c3fd84b2583c4a5cb2e341b037e72d	632dce180190542fa0e590ec255e9c7c7d95c0945e526c3369eb2c9a4d8b78d4	fe81c605628da0081d1a1bc62c51665e2eedacda23d033f2b436a4aa7dcf1068	EXECUTABLE_EQUIVALENT	STRUCTURALLY_VALID	4
logical-final	link-unknown	f4fbab66db01e9920c2e57a1fbb87295ad4cd242a929fec9373a84a40489556b	36dfef6c17c43f8eb00c9ff1b0ed2d7b461ec0605acc219ec9a3777615a70894	9fe4967f4291dcb2349d924621e993cf6973c8a96175f064d02df28318e5304a	EXECUTABLE_EQUIVALENT	STRUCTURALLY_VALID	3
logical-final	logical--group	444bc01a6b03b8cdf63caf214e98fd2a03d354e309f3dd9e648e6ae691e69abd	7cdccfd7f8fe3d054dbf058d88b143531f18fcc9f1cac26bdee4f6600b6ea8a8	0851740e1e6cda24faabe26b0e8def2893261b0179a396e003bb967fa06a14e6	EXECUTABLE_EQUIVALENT	STRUCTURALLY_VALID	2
logical-final	logical--overlay-branch	86a0dbd80fa50513f59f3080a9cf4caedb810400a895b4d86164bf6bb74b64d8	aa39ab60e8c6f923cc646d5e90ee3336552959fdd3a427de5962f93c2063d957	dd148f39d0b8a77e109792a4a93eb4d11271c95bfe992f260ae4265551dbed3c	EXECUTABLE_EQUIVALENT	STRUCTURALLY_VALID	3
logical-final	logical--padding	f7c2da39ca13523a33949417933a6e3796c76286e2f1c4329db39dc2527b058f	9aef30053951f6eeef0f1a3cc0ba5d13d2b27c19dab818091521f24bdb109e78	9c0a1734afd04ba9c9b2b01e4e03465bb05443752dc25632eea3b48713628746	EXPECTED_COMPLETE_VIEW_RELATION	STRUCTURALLY_VALID	2
logical-final	logical--snapshot	0125dc84f14e5844d3e19c9fe30b48ae23945a04ade18174b4a6ce76528f7820	36065ed6444a9f65548e0bc1b420e073488ac4df8fb96db7a0fb59db0cc88b40	93ca0c03835123ad4bfbb8f4925a70982fa5695445c53a72529da6ed4828760d	EXECUTABLE_EQUIVALENT	STRUCTURALLY_VALID	2
logical-final	logical--unsupported	dff5cec7ac88eefccb022308f1545545a6fcf83427a144c518ebdaf1b321b64a	b2c876fe6a3d75d0608016185dbc13772e277c9acedae589e3872ba470322a28	a4ab0c29bd2b41396d12a7c60dac7df0150257dfd830fc875f42086e8f525d28	EXECUTABLE_EQUIVALENT	STRUCTURALLY_VALID	3
logical-final	r1--accept	b802f613becae0ae31f84cc059ba53b86bfe27f8b84082aedfca03599b5ba4f2	e0c3d8ca1bb1c35e509bdcce13ca80692299d99efa9d4bd81578582ba8acc699	003e4720d51d87645eda152e75a709841847c24ee0b0e78007f6785d4930adaf	EXECUTABLE_EQUIVALENT	STRUCTURALLY_VALID	3
logical-final	r1--alter	6f6e74befd79ff5232dab2fec84c11d77eab37b76623cde4fab0b80c3f97af06	17e5fd085c24a1d04ed2fc0bc547c8f8de42719cb81beb02d057af25b9d151d0	85fc0783a7951b2d70e7d542f0341ce3339204bbb336222dbd19479a28b549cf	EXECUTABLE_EQUIVALENT	STRUCTURALLY_VALID	3
logical-final	r1--base	fe37f3c0a63911a97e48ba288151256ecf72525d7797535e62ba715297725d09	d458b1f604a33173e0afe3613ce49ca458ffa6f4e7a13bd7f42ed9dddb23dfff	745e7c36091dbdf31f3d3b1f640952bb53f4a2e7c16de9680a53f95dbb511999	EXECUTABLE_EQUIVALENT	STRUCTURALLY_VALID	2
logical-final	r1--call-before	91ff72693f37dbe774082737c85ad3667c7d4c1e1c4ea75debf52933367bc726	eed57f943cc2420374b5de8bf2bde3564fd5675ac2f2e10476a685c2ca8b0cfa	9d7b6fc4999c2b5b450c4a5bb985529d2caf326bcfa1f123344a936b9c5f9d8a	EXECUTABLE_EQUIVALENT	STRUCTURALLY_VALID	4
logical-final	r1--compute	f730b049d6f87b3c43d1176ad213f59109f7781204631a3942b4935921a46bd9	c54fb07a8df5b6ac0a9803a15ac078ce2ac203987735af555d1f47ffdc67ae33	1b36105a60e15645d276f7912156ba2ad4c9f5e73f72530d96d29a2b142cd6be	EXECUTABLE_EQUIVALENT	STRUCTURALLY_VALID	3
logical-final	r1--display	80e49f688cbc9be978d2136876f87ff245a5ba219d70c7108975ca5e6a4e38af	68a157daabb325581762d37186398173984b710c9121776bd0e0baf1f33be20c	2f87786ad039323cfd457c457f5954f60d3a41cc0329930a84ba0a05beb4ffaf	EXECUTABLE_EQUIVALENT	STRUCTURALLY_VALID	3
logical-final	r1--evaluate-condition	d99aeead1eb4c0bdab9db206a6ff003bd703a30f63b41219b1dd55caeaa71c6a	c3634d1e60689b397e9596ece4fc97794aa96e5f648401ffa943987bd3089a11	216c5c494fc4fc3f6475332fe139ac25d15e1e20b35a9bef31154743a3961803	EXECUTABLE_EQUIVALENT	STRUCTURALLY_VALID	3
logical-final	r1--evaluate-no-other	50af292f2145e35ca8724db06371ad4862368eebd3f7794083123e5cdac1e482	6641b78d5f5f42c0e309c441e0a5d11c3d9a80d4d81f2f586e2c5c7d86abdd0e	80e6e558287c50029805e197e027287e070b313383dfe796e598f003b00eff72	EXECUTABLE_EQUIVALENT	STRUCTURALLY_VALID	3
logical-final	r1--goto	9064a579702cdf37ed62cfc95d8220946144c5ac9ed73895b21f615cfc6c1561	6cefefc17d9ed4704a6a476420e93c67e14b149bc75a45576d5034055e81dadc	1825c2e1f0a01dd97c10ee10826e7fa37151a05b433e23b7bd1d5e058aa3e543	EXECUTABLE_EQUIVALENT	STRUCTURALLY_VALID	2
logical-final	r1--if-class	e406b5f88717ccbb30caa5965f03646af73dac9ac33458f9f53a62380dfaff2d	fdad4113e94875613f357864ba01aa180fdb0bb58e88633c97e85cefde30604b	521f5754d2d61e56514aedc9d91e450f93c96051a3afee631db4a54160bfe84c	EXECUTABLE_EQUIVALENT	STRUCTURALLY_VALID	3
logical-final	r1--if-equality	3984734a030eef1fa900bc0199914dfdb4ee08f2edd2d47e09f1d1abfabee156	fd3dd68079fd1150211afd47e2f8f578b9a4d448cff458d79ececa88f4f27511	cbfbace98bc52304bf392ad130fce76ffbfcb1e0e1276d6978db51769eaf3f3d	EXECUTABLE_EQUIVALENT	STRUCTURALLY_VALID	3
logical-final	r1--layout-family	4c0f560d1f9883007d361235cf271d4cb4cffd4aa8851673ad67615faf18826c	cef454716357ff46d1e99214c92a5dd70798412c738902ba54accefc7b2868dd	e0750ee69ffe72581ac77f729c4cfc08b6160e336070952b5db421db6a35f22a	EXECUTABLE_EQUIVALENT	STRUCTURALLY_VALID	2
logical-final	r1--layout-independent	e75537dee9d2e6e7b3346f921422f522148e113a66c611c0cc5c362673e93b81	459ac07398615226d38ec6de99c3c77c6ad7f4b7cd55d7eb773b4e058db6c342	e871bb2b2e2b2cd3ceb36d0969b31dd067d32470842b69b56a38ca5354e4bbbd	EXECUTABLE_EQUIVALENT	STRUCTURALLY_VALID	2
logical-final	r1--perform-times	354bd78c9da1fc6e07b958fd637d123846ac2a883852fa677b8a74a25d904ff4	d0425a6d88ecd337301a0ad903b088dc006706f210e416dd0da41f2df0e4494d	6a41338af21c9eec2b61883dd2d41af667418accddf26f73e9d22fd16bd7c4fb	EXECUTABLE_EQUIVALENT	STRUCTURALLY_VALID	3
logical-final	r1--perform-until	1047abfac68cea0eb0b081553dee42664e7ed53a3dc4b6dfdec9089092eed0c0	6e14f613cde2bf7426bd2efd38ec211ea05a110c3ee587e9319cf9b04d470ca4	7159983baf0ec06dd3e003081834359c8182a9e300b2c3c5c370f99522665161	EXECUTABLE_EQUIVALENT	STRUCTURALLY_VALID	3
logical-final	source-dependencies-w3--copy-direct	dde5d4b3e3d3ef144312114efc1fc0fa7779b288349714e509a4046fa2d7c941	13dedebacf50f2aa611d984f376b9edf0c771b984c42e741076c2681a3d87632	13dedebacf50f2aa611d984f376b9edf0c771b984c42e741076c2681a3d87632	BYTE_IDENTICAL	STRUCTURALLY_VALID	0
logical-final	source-dependencies-w3--dclgen-direct	55c1c3f2fab7f1f52bd691faa0f592638a7a6bc7f6f633ba3a7e3b693440fab8	4c54b0ecad560133d7de97a2d87aab42ebbd825601a950b2a1a904d49ec6ffa6	4c54b0ecad560133d7de97a2d87aab42ebbd825601a950b2a1a904d49ec6ffa6	BYTE_IDENTICAL	STRUCTURALLY_VALID	0
logical-final	source-dependencies-w3--sql-comment-negative	bebc635282f29efa563d769566148606c629f7a38f94e671443edf90e8bd0f38	cf72d83df0f036c4f12ab0ff0d48bc14dfc186f9441fdc361c1f81c8614a66ed	97299fa2bc004ef1f3d4bf153ba968f3a3a5e444d0bba1a78f04cd5198b3a933	EXECUTABLE_EQUIVALENT	STRUCTURALLY_VALID	0
logical-final	source-dependencies-w3-db2--db2-select-one	8240c44488c55e1cf66146c85ef97d1f99f4c7d3cb548d168f9732dcd5ee8e70	711cba0d638b5f05aac1cf4f9febd0882b97d161a2ae8f06883bdec8ee012ccf	bd10eca02c3867426889b48aee31aed056994a077a20d037943f2dadc83f2554	EXECUTABLE_EQUIVALENT	STRUCTURALLY_VALID	1
logical-final	source-dependencies-w3-db2--db2-update	e7cf376dac89ea7acdd59722529f5fb2f3d56ae7628820d72c92b9612d7f7659	d56e97acc9b5fa3fac1d6d99ee0575b7b84a7042b68d2d3313b23f0e407561b5	b9db2ead56c081659b8701e6937e456d2b827c949456c2165599203f62e8e4be	EXECUTABLE_EQUIVALENT	STRUCTURALLY_VALID	1
logical-final	w3-call-paragraph	4f02a68b209b5c07914390c36773cc009bd018a6091e8330030b2e351f242cdf	2c3865671066056110431290f80956b265285009ff7a6a2ef238540b94739d5e	b4ac6522e9d34728281049e8678c5a9436014a4eb739cd10be12df705825eb2f	EXECUTABLE_EQUIVALENT	STRUCTURALLY_VALID	4
logical-final	w3-read-kept-lock	10869c69e7ce7da2eb00dcaaa2eaadb460ca62dcb1b8e5aa7492b37819fe59e6	e12ce6635c7d44b097ac7afd4791ed6e219fd14c3571487ba3d0061ed225cb72	e81b7b60d110b2592296d96132cae329aaf4bd8b43b39defd5bc7bf7ffbce4ba	EXECUTABLE_EQUIVALENT	STRUCTURALLY_VALID	14
logical-final	w3-write-dynamic	0f73a0c80feeecab95f9478e17cc93c6f5a9d17f1a8b1f2cdb4da5d3417f9fd4	1436a415aede2f34f2943272d65f8e29f1cf978ed6a550b1e1b655ca30844bc9	db20870322b4d672a6b5f2d3364f3d8878bd2154540192af4bdef07bde720d0b	EXECUTABLE_EQUIVALENT	STRUCTURALLY_VALID	10
logical-final	xctl-computed	1e90c33d982a52c40275a1b18d1ab9355b8d27820e2006c4a23edc9f7ceae44b	0d24d0d2128e46026237e1b20b2d8d32fe1706cb855e3616b3a6e63e4541e15c	90188b0cdb3c6eea57e2efe0b1496f6920bd3840d2e2913554542d818a2bd537	EXECUTABLE_EQUIVALENT	STRUCTURALLY_VALID	3
logical-final	xctl-literal	5ff6b9c99c4ab6d170f02ddcca05fa4e5b9ab5ec0895bc45e861a57ac1cb843e	d49f8b7c305f1d5afd24aeddc6e6f78b84a95b722c70c695b97d7c3b6213b1b6	6549816bb470a7b7c9c6dc801df4efebd73ada19d4af4068a70e7a0075af3d8d	EXECUTABLE_EQUIVALENT	STRUCTURALLY_VALID	3
physical-final	call-before	91ff72693f37dbe774082737c85ad3667c7d4c1e1c4ea75debf52933367bc726	95572b27c4c17665035ad4b32f63fe10fa65858d85f50ecbb1e73027d492345d	95572b27c4c17665035ad4b32f63fe10fa65858d85f50ecbb1e73027d492345d	BYTE_IDENTICAL	STRUCTURALLY_VALID	4
physical-final	cics-length-open	0a4febdfc7a1cefceebcd1c75a5011e2e6cd40d6bf267c8cb847b521c36c3231	53eb687af46a12c64a66a11b8d596deb27194553aa0f80fbb2fa2c621004cfea	53eb687af46a12c64a66a11b8d596deb27194553aa0f80fbb2fa2c621004cfea	BYTE_IDENTICAL	STRUCTURALLY_VALID	6
physical-final	if-class	e406b5f88717ccbb30caa5965f03646af73dac9ac33458f9f53a62380dfaff2d	f282c7cc69ad394e532554bdc67e7e0fc5ced2a4cf5fd751268c7469235adcff	f282c7cc69ad394e532554bdc67e7e0fc5ced2a4cf5fd751268c7469235adcff	BYTE_IDENTICAL	STRUCTURALLY_VALID	3
physical-final	layout-family	4c0f560d1f9883007d361235cf271d4cb4cffd4aa8851673ad67615faf18826c	f4c34682621122d007af52b44e29b2feb61e65830175f514ddb89602a1f75b71	f4c34682621122d007af52b44e29b2feb61e65830175f514ddb89602a1f75b71	BYTE_IDENTICAL	STRUCTURALLY_VALID	2
physical-final	layout-independent	e75537dee9d2e6e7b3346f921422f522148e113a66c611c0cc5c362673e93b81	e45a3f508a5d6e8d853a1a7aa274cedee04fc9ffa60ab0d30ab34fe802138ef0	e45a3f508a5d6e8d853a1a7aa274cedee04fc9ffa60ab0d30ab34fe802138ef0	BYTE_IDENTICAL	STRUCTURALLY_VALID	2
physical-final	partial-group-copy	fff979b28988de749f258017d38e157296fc7bbe0a9559a0b8e339e711a7219a	8b3d398dc4192267e1b33a4a5e5befd9e67c0864bf38955dfa5edf02a774fb46	8b3d398dc4192267e1b33a4a5e5befd9e67c0864bf38955dfa5edf02a774fb46	BYTE_IDENTICAL	STRUCTURALLY_VALID	5
physical-final	w3-read-kept-lock	10869c69e7ce7da2eb00dcaaa2eaadb460ca62dcb1b8e5aa7492b37819fe59e6	4ed03011d4d015418423b72d5508de54c322afea34bf44cc1f2b2c8526eeb0de	4ed03011d4d015418423b72d5508de54c322afea34bf44cc1f2b2c8526eeb0de	BYTE_IDENTICAL	STRUCTURALLY_VALID	10
physical-final	w3-write-dynamic	0f73a0c80feeecab95f9478e17cc93c6f5a9d17f1a8b1f2cdb4da5d3417f9fd4	565fef5d1bfa37a728a05a753710bbc0eef38852f713f208a59b9166a6f89a62	565fef5d1bfa37a728a05a753710bbc0eef38852f713f208a59b9166a6f89a62	BYTE_IDENTICAL	STRUCTURALLY_VALID	10
